,Day,Month,Year,imdbID,ReleasedDateID
0,01,Aug,2014,tt2015381,1
1,08,Jun,2012,tt1446714,2
2,20,Jan,2017,tt4972582,3
3,21,Dec,2016,tt3470600,4
4,05,Aug,2016,tt1386697,5
5,17,Feb,2017,tt2034800,6
6,25,Dec,2016,tt3783958,7
7,21,Apr,2017,tt1212428,8
8,21,Dec,2016,tt1355644,9
9,18,Nov,2016,tt3183660,10
10,06,Jan,2017,tt4846340,11
11,16,Dec,2016,tt3748528,12
12,23,Nov,2016,tt3521164,13
13,21,Apr,2017,tt4680182,14
14,08,Jul,2016,tt2709768,15
15,04,Nov,2016,tt2119532,16
16,29,Jul,2016,tt4196776,17
17,06,Jan,2017,tt3741834,18
18,11,Nov,2016,tt2543164,19
19,27,Jan,2017,tt1800302,20
20,16,Dec,2016,tt4034228,21
21,04,Nov,2016,tt1679335,22
22,24,Jun,2016,tt1628841,23
23,29,Jul,2016,tt4651520,24
24,21,Dec,2016,tt2094766,25
25,23,Dec,2016,tt4501244,26
26,09,Dec,2016,tt4550098,27
27,27,May,2016,tt3385516,28
28,12,Feb,2016,tt1431045,29
29,27,Jan,2017,tt2592614,30
30,06,May,2016,tt3498820,31
31,07,Nov,2014,tt0816692,32
32,04,Nov,2016,tt1211837,33
33,23,Sep,2016,tt2404435,34
34,12,Aug,2016,tt1700841,35
35,18,Nov,2016,tt4975722,36
36,20,Jan,2017,tt4276820,37
37,28,Apr,2017,tt1366338,38
38,20,May,2011,tt1298650,39
39,09,Dec,2016,tt4540710,40
40,22,Jul,2016,tt2660888,41
41,18,Dec,2015,tt2488496,42
42,06,Jan,2017,tt3717252,43
43,29,Apr,2016,tt4824302,44
44,24,Oct,2014,tt2911666,45
45,18,Jul,2008,tt0468569,46
46,13,Jan,2017,tt0490215,47
47,26,Aug,2016,tt4160708,48
48,03,Jun,2016,tt2674426,49
49,07,Apr,2017,tt1661275,50
50,09,Sep,2016,tt3263904,51
51,25,Mar,2016,tt2975590,52
52,21,Dec,2016,tt3289956,53
53,07,Oct,2016,tt3631112,54
54,13,Feb,2015,tt2322441,55
55,20,Oct,2006,tt0482571,56
56,13,Feb,2015,tt2802144,57
57,13,Jan,2017,tt4572514,58
58,15,May,2015,tt1392190,59
59,19,May,2017,tt5195412,60
60,30,Sep,2016,tt1860357,61
61,21,Apr,2017,tt4776998,62
62,23,Nov,2016,tt3640424,63
63,06,Jan,2017,tt3416532,64
64,16,Dec,2016,tt4682786,65
65,04,Mar,2016,tt2948356,66
66,25,May,2007,tt0449088,67
67,04,May,2012,tt0848228,68
68,21,Aug,2009,tt0361748,69
69,07,Jul,2006,tt0383574,70
70,08,Jun,1984,tt0087332,71
71,16,Jul,2010,tt1375666,72
72,29,Jul,2016,tt3553976,73
73,25,Dec,2013,tt0993846,74
74,03,Oct,2014,tt2267998,75
75,12,Jun,2015,tt0369610,76
76,13,Jan,2017,tt2361317,77
77,18,Dec,2009,tt0499549,78
78,30,Dec,2015,tt3460252,79
79,14,Oct,2016,tt2140479,80
80,20,Sep,2013,tt1392214,81
81,10,Jun,2016,tt0803096,82
82,10,Aug,2011,tt1454029,83
83,19,Aug,2016,tt2005151,84
84,01,May,2015,tt2395427,85
85,20,May,2016,tt3799694,86
86,07,Apr,2017,tt4255304,87
87,10,Mar,2017,tt4714782,88
